-- =====================================================================
-- BẢN NẠP DỮ LIỆU MẪU (SEED DATA) THỜI TRANG VIỆT NAM CHO SHOFY
-- Tự động sinh từ backend/seed.py
-- =====================================================================

TRUNCATE TABLE public.product_variants CASCADE;
TRUNCATE TABLE public.product_images CASCADE;
TRUNCATE TABLE public.products CASCADE;
TRUNCATE TABLE public.categories CASCADE;

-- 1. DANH MỤC CHA
INSERT INTO public.categories (id, name, slug, parent_id, image_url) VALUES
('a0000000-0000-0000-0000-000000000000', 'Thời trang Nam', 'thoi-trang-nam', NULL, 'https://images.unsplash.com/photo-1488161628813-04466f872be2?w=800'),
('b0000000-0000-0000-0000-000000000000', 'Thời trang Nữ', 'thoi-trang-nu', NULL, 'https://images.unsplash.com/photo-1515886657613-9f3515b0c78f?w=800'),
('c0000000-0000-0000-0000-000000000000', 'Giày dép', 'giay-dep', NULL, 'https://images.unsplash.com/photo-1549298916-b41d501d3772?w=800'),
('d0000000-0000-0000-0000-000000000000', 'Phụ kiện', 'phu-kien', NULL, 'https://images.unsplash.com/photo-1584917865442-de89df76afd3?w=800');

-- 2. DANH MỤC CON
INSERT INTO public.categories (id, name, slug, parent_id, image_url) VALUES
('a1000000-0000-0000-0000-000000000000', 'Áo thun', 'ao-thun-nam', 'a0000000-0000-0000-0000-000000000000', 'https://images.unsplash.com/photo-1521572267360-ee0c2909d518?w=800'),
('a2000000-0000-0000-0000-000000000000', 'Áo sơ mi', 'ao-so-mi-nam', 'a0000000-0000-0000-0000-000000000000', 'https://images.unsplash.com/photo-1602810318383-e386cc2a3ccf?w=800'),
('a3000000-0000-0000-0000-000000000000', 'Quần jean', 'quan-jean-nam', 'a0000000-0000-0000-0000-000000000000', 'https://images.unsplash.com/photo-1541099649105-f69ad21f3246?w=800'),
('a4000000-0000-0000-0000-000000000000', 'Áo khoác', 'ao-khoac-nam', 'a0000000-0000-0000-0000-000000000000', 'https://images.unsplash.com/photo-1551028719-00167b16eac5?w=800'),
('b1000000-0000-0000-0000-000000000000', 'Áo thun', 'ao-thun-nu', 'b0000000-0000-0000-0000-000000000000', 'https://images.unsplash.com/photo-1503342217505-b0a15ec3261c?w=800'),
('b2000000-0000-0000-0000-000000000000', 'Váy đầm', 'vay-dam-nu', 'b0000000-0000-0000-0000-000000000000', 'https://images.unsplash.com/photo-1572804013309-59a88b7e92f1?w=800'),
('b3000000-0000-0000-0000-000000000000', 'Quần jean', 'quan-jean-nu', 'b0000000-0000-0000-0000-000000000000', 'https://images.unsplash.com/photo-1541099649105-f69ad21f3246?w=800'),
('b4000000-0000-0000-0000-000000000000', 'Áo kiểu / blouse', 'ao-kieu-blouse-nu', 'b0000000-0000-0000-0000-000000000000', 'https://images.unsplash.com/photo-1607345366928-199ea26cfe3e?w=800'),
('c1000000-0000-0000-0000-000000000000', 'Giày sneaker', 'giay-sneaker', 'c0000000-0000-0000-0000-000000000000', 'https://images.unsplash.com/photo-1549298916-b41d501d3772?w=800'),
('c2000000-0000-0000-0000-000000000000', 'Dép / sandal', 'dep-sandal', 'c0000000-0000-0000-0000-000000000000', 'https://images.unsplash.com/photo-1603561591411-07134e71a2a9?w=800'),
('c3000000-0000-0000-0000-000000000000', 'Giày boots', 'giay-boots', 'c0000000-0000-0000-0000-000000000000', 'https://images.unsplash.com/photo-1520639888713-7851133b1ed0?w=800'),
('d1000000-0000-0000-0000-000000000000', 'Túi xách', 'tui-xach', 'd0000000-0000-0000-0000-000000000000', 'https://images.unsplash.com/photo-1584917865442-de89df76afd3?w=800'),
('d2000000-0000-0000-0000-000000000000', 'Nón / mũ', 'non-mu', 'd0000000-0000-0000-0000-000000000000', 'https://images.unsplash.com/photo-1534215754734-18e55d13e346?w=800'),
('d3000000-0000-0000-0000-000000000000', 'Thắt lưng', 'that-lung', 'd0000000-0000-0000-0000-000000000000', 'https://images.unsplash.com/photo-1624222247344-550fb8ecfbd4?w=800');

-- 3. SẢN PHẨM
INSERT INTO public.products (id, category_id, name, slug, description, base_price, status, avg_rating, total_sold) VALUES
('ff1c7006-e2d4-45a2-89ca-82be640e6a84', 'a1000000-0000-0000-0000-000000000000', 'Áo thun thời trang - Majestic Mountain Graphic T-Shirt', 'majestic-mountain-graphic-t-shirt-1', 'Elevate your wardrobe with this stylish black t-shirt featuring a striking monochrome mountain range graphic. Perfect for those who love the outdoors or want to add a touch of nature-inspired design to their look, this tee is crafted from soft, breathable fabric ensuring all-day comfort. Ideal for casual outings or as a unique gift, this t-shirt is a versatile addition to any collection. (Sản phẩm nhập khẩu chính hãng chất lượng cao, phân phối độc quyền bởi Shofy Fashion).', 1150000.0, 'active', 4.5, 10),
('33ed2ab4-1c78-4f84-ad9c-584332972637', 'a1000000-0000-0000-0000-000000000000', 'Áo thun thời trang - Classic White Crew Neck T-Shirt', 'classic-white-crew-neck-t-shirt-2', 'Elevate your basics with this versatile white crew neck tee. Made from a soft, breathable cotton blend, it offers both comfort and durability. Its sleek, timeless design ensures it pairs well with virtually any outfit. Ideal for layering or wearing on its own, this t-shirt is a must-have staple for every wardrobe. (Sản phẩm nhập khẩu chính hãng chất lượng cao, phân phối độc quyền bởi Shofy Fashion).', 975000.0, 'active', 4.5, 34),
('be7f4e0b-9d7b-4b21-a485-47dd0c65b422', 'a1000000-0000-0000-0000-000000000000', 'Classic White Tee - Timeless Style and Comfort', 'classic-white-tee-timeless-style-and-comfort-3', 'Elevate your everyday wardrobe with our Classic White Tee. Crafted from premium soft cotton material, this versatile t-shirt combines comfort with durability, perfect for daily wear. Featuring a relaxed, unisex fit that flatters every body type, it''s a staple piece for any casual ensemble. Easy to care for and machine washable, this white tee retains its shape and softness wash after wash. Pair it with your favorite jeans or layer it under a jacket for a smart look. (Sản phẩm nhập khẩu chính hãng chất lượng cao, phân phối độc quyền bởi Shofy Fashion).', 1825000.0, 'active', 4.5, 58),
('7012fcfb-b7a8-4de0-b2d1-b1f2d3d48715', 'a1000000-0000-0000-0000-000000000000', 'Áo thun thời trang - Classic Black T-Shirt', 'classic-black-t-shirt-4', 'Elevate your everyday style with our Classic Black T-Shirt. This staple piece is crafted from soft, breathable cotton for all-day comfort. Its versatile design features a classic crew neck and short sleeves, making it perfect for layering or wearing on its own. Durable and easy to care for, it''s sure to become a favorite in your wardrobe. (Sản phẩm nhập khẩu chính hãng chất lượng cao, phân phối độc quyền bởi Shofy Fashion).', 875000.0, 'active', 4.5, 82),
('7684ce70-4159-460b-8ca0-5a437fc25717', 'a2000000-0000-0000-0000-000000000000', 'Classic Comfort Fit Joggers', 'classic-comfort-fit-joggers-5', 'Discover the perfect blend of style and comfort with our Classic Comfort Fit Joggers. These versatile black joggers feature a soft elastic waistband with an adjustable drawstring, two side pockets, and ribbed ankle cuffs for a secure fit. Made from a lightweight and durable fabric, they are ideal for both active days and relaxed lounging. (Sản phẩm nhập khẩu chính hãng chất lượng cao, phân phối độc quyền bởi Shofy Fashion).', 625000.0, 'active', 4.5, 10),
('a2b13a62-eacc-47aa-af79-5f4b4d36d1ff', 'a2000000-0000-0000-0000-000000000000', 'Classic Red Baseball Cap', 'classic-red-baseball-cap-6', 'Elevate your casual wardrobe with this timeless red baseball cap. Crafted from durable fabric, it features a comfortable fit with an adjustable strap at the back, ensuring one size fits all. Perfect for sunny days or adding a sporty touch to your outfit. (Sản phẩm nhập khẩu chính hãng chất lượng cao, phân phối độc quyền bởi Shofy Fashion).', 875000.0, 'active', 4.5, 34),
('bd20e43e-ed4b-4e08-82b0-d6c127659f15', 'a2000000-0000-0000-0000-000000000000', 'Classic Black Baseball Cap', 'classic-black-baseball-cap-7', 'Elevate your casual wear with this timeless black baseball cap. Made with high-quality, breathable fabric, it features an adjustable strap for the perfect fit. Whether you’re out for a jog or just running errands, this cap adds a touch of style to any outfit. (Sản phẩm nhập khẩu chính hãng chất lượng cao, phân phối độc quyền bởi Shofy Fashion).', 1450000.0, 'active', 4.5, 58),
('31f90d80-204b-4aa6-a065-bfcaaf447047', 'a2000000-0000-0000-0000-000000000000', 'Classic Olive Chino Shorts', 'classic-olive-chino-shorts-8', 'Elevate your casual wardrobe with these classic olive chino shorts. Designed for comfort and versatility, they feature a smooth waistband, practical pockets, and a tailored fit that makes them perfect for both relaxed weekends and smart-casual occasions. The durable fabric ensures they hold up throughout your daily activities while maintaining a stylish look. (Sản phẩm nhập khẩu chính hãng chất lượng cao, phân phối độc quyền bởi Shofy Fashion).', 2100000.0, 'active', 4.5, 82),
('b9a91d11-b49f-4dcb-aa38-c4e1d1e3146d', 'a2000000-0000-0000-0000-000000000000', 'Classic High-Waisted Athletic Shorts', 'classic-high-waisted-athletic-shorts-9', 'Stay comfortable and stylish with our Classic High-Waisted Athletic Shorts. Designed for optimal movement and versatility, these shorts are a must-have for your workout wardrobe. Featuring a figure-flattering high waist, breathable fabric, and a secure fit that ensures they stay in place during any activity, these shorts are perfect for the gym, running, or even just casual wear. (Sản phẩm nhập khẩu chính hãng chất lượng cao, phân phối độc quyền bởi Shofy Fashion).', 1075000.0, 'active', 4.5, 106),
('3fa289ad-b867-4d90-84d4-14160bcf7c17', 'a2000000-0000-0000-0000-000000000000', 'Phone', 'phone-10', 'This phone with price 200$ (Sản phẩm nhập khẩu chính hãng chất lượng cao, phân phối độc quyền bởi Shofy Fashion).', 5000000.0, 'active', 4.5, 130),
('82490203-630c-4a9b-aec1-b6f33ec9635b', 'a2000000-0000-0000-0000-000000000000', 'Túi xách cao cấp - New Product Arie Bagas Azzy Baru ', 'new-product-arie-bagas-azzy-baru-11', 'ini adalah test API manual Arie untuk menambahkan produk (Sản phẩm nhập khẩu chính hãng chất lượng cao, phân phối độc quyền bởi Shofy Fashion).', 250000.0, 'active', 4.5, 154),
('9fc7350d-dc36-4677-be6f-e8439b988fff', 'a2000000-0000-0000-0000-000000000000', 'c1', 'c1-12', 'Valid Product (Sản phẩm nhập khẩu chính hãng chất lượng cao, phân phối độc quyền bởi Shofy Fashion).', 12500000.0, 'active', 4.5, 178),
('dddbe2a0-0226-4be0-a9bd-c164ed242c5d', 'a2000000-0000-0000-0000-000000000000', '@@@@1@@@@', '1-13', 'Special Characters (Sản phẩm nhập khẩu chính hãng chất lượng cao, phân phối độc quyền bởi Shofy Fashion).', 12500000.0, 'active', 4.5, 202),
('ccf6407b-8d6d-4463-a922-ecdaf625abc7', 'a2000000-0000-0000-0000-000000000000', 'AAAAAA11AAAAAAAAAAAAAAAAAAAAAAAAAAAAAAAAAAAAAAAAAAAAAAAAAAAAAAAAAAAAAAAAAAAAAAAAAAAAAAAAAAAAAAAAAAAAAAAAAAAAAAAAAAAAAAAAAAAAAAAAAAAAAAAAAAAAAAAAAAAAAAAAAAAAAAAAAAAAAAAAAAAAAAAAAAAAAAAAAAAAAAAAAAAAAAAAAA', 'aaaaaa11aaaaaaaaaaaaaaaaaaaaaaaaaaaaaaaaaaaaaaaaaaaaaaaaaaaaaaaaaaaaaaaaaaaaaaaaaaaaaaaaaaaaaaaaaaaaaaaaaaaaaaaaaaaaaaaaaaaaaaaaaaaaaaaaaaaaaaaaaaaaaaaaaaaaaaaaaaaaaaaaaaaaaaaaaaaaaaaaaaaaaaaaaaaaaaaaaa-14', 'Very Long Title (Sản phẩm nhập khẩu chính hãng chất lượng cao, phân phối độc quyền bởi Shofy Fashion).', 12500000.0, 'active', 4.5, 226),
('192d47c5-cb0e-4692-a2d8-57ea072b2a1d', 'a3000000-0000-0000-0000-000000000000', 'Áo sơ mi cao cấp - New Cotton Shirt and pant', 'new-cotton-shirt-and-pant-15', 'Very nice and attractive (Sản phẩm nhập khẩu chính hãng chất lượng cao, phân phối độc quyền bởi Shofy Fashion).', 27500000.0, 'active', 4.5, 10),
('915ec4af-7105-40b0-8c8b-bc11218f0dfb', 'c1000000-0000-0000-0000-000000000000', 'Futuristic Holographic Soccer Cleats', 'futuristic-holographic-soccer-cleats-16', 'Step onto the field and stand out from the crowd with these eye-catching holographic soccer cleats. Designed for the modern player, these cleats feature a sleek silhouette, lightweight construction for maximum agility, and durable studs for optimal traction. The shimmering holographic finish reflects a rainbow of colors as you move, ensuring that you''ll be noticed for both your skills and style. Perfect for the fashion-forward athlete who wants to make a statement. (Sản phẩm nhập khẩu chính hãng chất lượng cao, phân phối độc quyền bởi Shofy Fashion).', 975000.0, 'active', 4.5, 10),
('c68dca78-9048-452d-9b70-bf500272fd41', 'c1000000-0000-0000-0000-000000000000', 'Rainbow Glitter High Heels', 'rainbow-glitter-high-heels-17', 'Step into the spotlight with these eye-catching rainbow glitter high heels. Designed to dazzle, each shoe boasts a kaleidoscope of shimmering colors that catch and reflect light with every step. Perfect for special occasions or a night out, these stunners are sure to turn heads and elevate any ensemble. (Sản phẩm nhập khẩu chính hãng chất lượng cao, phân phối độc quyền bởi Shofy Fashion).', 975000.0, 'active', 4.5, 34),
('643ff661-6963-4396-bba3-673fb8ecadb0', 'c1000000-0000-0000-0000-000000000000', 'Giày sneaker thể thao - Vibrant Runners: Bold Orange & Blue Sneakers', 'vibrant-runners-bold-orange-blue-sneakers-18', 'Step into style with these eye-catching sneakers featuring a striking combination of orange and blue hues. Designed for both comfort and fashion, these shoes come with flexible soles and cushioned insoles, perfect for active individuals who don''t compromise on style. The reflective silver accents add a touch of modernity, making them a standout accessory for your workout or casual wear. (Sản phẩm nhập khẩu chính hãng chất lượng cao, phân phối độc quyền bởi Shofy Fashion).', 675000.0, 'active', 4.5, 58),
('47addff2-4d99-4935-b1d4-6fee9e879d1f', 'c1000000-0000-0000-0000-000000000000', 'Futuristic Silver and Gold High-Top Sneaker', 'futuristic-silver-and-gold-high-top-sneaker-19', 'Step into the future with this eye-catching high-top sneaker, designed for those who dare to stand out. The sneaker features a sleek silver body with striking gold accents, offering a modern twist on classic footwear. Its high-top design provides support and style, making it the perfect addition to any avant-garde fashion collection. Grab a pair today and elevate your shoe game! (Sản phẩm nhập khẩu chính hãng chất lượng cao, phân phối độc quyền bởi Shofy Fashion).', 1700000.0, 'active', 4.5, 82),
('7041f213-2c7d-43d6-baf3-926b51619756', 'c1000000-0000-0000-0000-000000000000', 'Elegant Patent Leather Peep-Toe Pumps with Gold-Tone Heel', 'elegant-patent-leather-peep-toe-pumps-20', 'Step into sophistication with these chic peep-toe pumps, showcasing a lustrous patent leather finish and an eye-catching gold-tone block heel. The ornate buckle detail adds a touch of glamour, perfect for elevating your evening attire or complementing a polished daytime look. (Sản phẩm nhập khẩu chính hãng chất lượng cao, phân phối độc quyền bởi Shofy Fashion).', 1325000.0, 'active', 4.5, 106),
('3a139b37-07ed-4d82-91fa-60b60e7e2dfa', 'c1000000-0000-0000-0000-000000000000', 'Elegant Purple Leather Loafers', 'elegant-purple-leather-loafers-21', 'Step into sophistication with our Elegant Purple Leather Loafers, perfect for making a bold statement. Crafted from high-quality leather with a vibrant purple finish, these shoes feature a classic loafer silhouette that''s been updated with a contemporary twist. The comfortable slip-on design and durable soles ensure both style and functionality for the modern man. (Sản phẩm nhập khẩu chính hãng chất lượng cao, phân phối độc quyền bởi Shofy Fashion).', 425000.0, 'active', 4.5, 130),
('45b247ee-b30b-43ee-81e3-0e25d54e469b', 'c1000000-0000-0000-0000-000000000000', 'Giày thời trang - Classic Blue Suede Casual Shoes', 'classic-blue-suede-casual-shoes-22', 'Step into comfort with our Classic Blue Suede Casual Shoes, perfect for everyday wear. These shoes feature a stylish blue suede upper, durable rubber soles for superior traction, and classic lace-up fronts for a snug fit. The sleek design pairs well with both jeans and chinos, making them a versatile addition to any wardrobe. (Sản phẩm nhập khẩu chính hãng chất lượng cao, phân phối độc quyền bởi Shofy Fashion).', 975000.0, 'active', 4.5, 154),
('ec763341-122e-43b1-9531-6b74e0f046e1', 'c1000000-0000-0000-0000-000000000000', 'Giày thời trang - Broken white Bandung Shoes', 'broken-white-bandung-shoes-23', 'Sepatu Warna broken white produk lokal produksi bandung (Sản phẩm nhập khẩu chính hãng chất lượng cao, phân phối độc quyền bởi Shofy Fashion).', 1500000.0, 'active', 4.5, 178),
('d1772944-eb8b-46a0-ab8a-1947be933a53', 'c1000000-0000-0000-0000-000000000000', 'Giày sneaker thể thao - Sneakers Saba Veloz Low Black White', 'sneakers-saba-veloz-low-black-white-24', 'Sepatu Vulcaniized dari bahan kanvas merk SABA, dengan kualitas yang premium sangat nyaman dipakai (Sản phẩm nhập khẩu chính hãng chất lượng cao, phân phối độc quyền bởi Shofy Fashion).', 1000000.0, 'active', 4.5, 202),
('efa608c9-d77f-474b-989c-8a6b7f8f2f47', 'c2000000-0000-0000-0000-000000000000', 'Sandal quai ngang - Chic Summer Denim Espadrille Sandals', 'chic-summer-denim-espadrille-sandals-25', 'Step into summer with style in our denim espadrille sandals. Featuring a braided jute sole for a classic touch and adjustable denim straps for a snug fit, these sandals offer both comfort and a fashionable edge. The easy slip-on design ensures convenience for beach days or casual outings. (Sản phẩm nhập khẩu chính hãng chất lượng cao, phân phối độc quyền bởi Shofy Fashion).', 825000.0, 'active', 4.5, 10),
('6c14b92f-6052-43a7-9e6d-927443e16865', 'c3000000-0000-0000-0000-000000000000', 'Giày boots cá tính - Futuristic Chic High-Heel Boots', 'futuristic-chic-high-heel-boots-26', 'Elevate your style with our cutting-edge high-heel boots that blend bold design with avant-garde aesthetics. These boots feature a unique color-block heel, a sleek silhouette, and a versatile light grey finish that pairs easily with any cutting-edge outfit. Crafted for the fashion-forward individual, these boots are sure to make a statement. (Sản phẩm nhập khẩu chính hãng chất lượng cao, phân phối độc quyền bởi Shofy Fashion).', 900000.0, 'active', 4.5, 10),
('eb638ed7-6a23-4e6d-ac8f-7360991c4ee6', 'd1000000-0000-0000-0000-000000000000', 'Túi xách cao cấp - Chic Transparent Fashion Handbag', 'chic-transparent-fashion-handbag-27', 'Elevate your style with our Chic Transparent Fashion Handbag, perfect for showcasing your essentials with a clear, modern edge. This trendy accessory features durable acrylic construction, luxe gold-tone hardware, and an elegant chain strap. Its compact size ensures you can carry your day-to-day items with ease and sophistication. (Sản phẩm nhập khẩu chính hãng chất lượng cao, phân phối độc quyền bởi Shofy Fashion).', 1525000.0, 'active', 4.5, 10);

-- 4. HÌNH ẢNH SẢN PHẨM
INSERT INTO public.product_images (product_id, image_url, is_primary, display_order) VALUES
('ff1c7006-e2d4-45a2-89ca-82be640e6a84', 'https://images.unsplash.com/photo-1521572267360-ee0c2909d518?w=800', true, 1),
('ff1c7006-e2d4-45a2-89ca-82be640e6a84', 'https://images.unsplash.com/photo-1583743814966-8936f5b7be1a?w=800', false, 2),
('ff1c7006-e2d4-45a2-89ca-82be640e6a84', 'https://images.unsplash.com/photo-1503342217505-b0a15ec3261c?w=800', false, 3),
('33ed2ab4-1c78-4f84-ad9c-584332972637', 'https://images.unsplash.com/photo-1521572267360-ee0c2909d518?w=800', true, 1),
('33ed2ab4-1c78-4f84-ad9c-584332972637', 'https://images.unsplash.com/photo-1583743814966-8936f5b7be1a?w=800', false, 2),
('33ed2ab4-1c78-4f84-ad9c-584332972637', 'https://images.unsplash.com/photo-1503342217505-b0a15ec3261c?w=800', false, 3),
('be7f4e0b-9d7b-4b21-a485-47dd0c65b422', 'https://images.unsplash.com/photo-1521572267360-ee0c2909d518?w=800', true, 1),
('be7f4e0b-9d7b-4b21-a485-47dd0c65b422', 'https://images.unsplash.com/photo-1583743814966-8936f5b7be1a?w=800', false, 2),
('be7f4e0b-9d7b-4b21-a485-47dd0c65b422', 'https://images.unsplash.com/photo-1503342217505-b0a15ec3261c?w=800', false, 3),
('7012fcfb-b7a8-4de0-b2d1-b1f2d3d48715', 'https://images.unsplash.com/photo-1521572267360-ee0c2909d518?w=800', true, 1),
('7012fcfb-b7a8-4de0-b2d1-b1f2d3d48715', 'https://images.unsplash.com/photo-1583743814966-8936f5b7be1a?w=800', false, 2),
('7012fcfb-b7a8-4de0-b2d1-b1f2d3d48715', 'https://images.unsplash.com/photo-1503342217505-b0a15ec3261c?w=800', false, 3),
('7684ce70-4159-460b-8ca0-5a437fc25717', 'https://images.unsplash.com/photo-1602810318383-e386cc2a3ccf?w=800', true, 1),
('7684ce70-4159-460b-8ca0-5a437fc25717', 'https://images.unsplash.com/photo-1596755094514-f87e34085b2c?w=800', false, 2),
('7684ce70-4159-460b-8ca0-5a437fc25717', 'https://images.unsplash.com/photo-1598033129183-c4f50c736f10?w=800', false, 3),
('a2b13a62-eacc-47aa-af79-5f4b4d36d1ff', 'https://images.unsplash.com/photo-1602810318383-e386cc2a3ccf?w=800', true, 1),
('a2b13a62-eacc-47aa-af79-5f4b4d36d1ff', 'https://images.unsplash.com/photo-1596755094514-f87e34085b2c?w=800', false, 2),
('a2b13a62-eacc-47aa-af79-5f4b4d36d1ff', 'https://images.unsplash.com/photo-1598033129183-c4f50c736f10?w=800', false, 3),
('bd20e43e-ed4b-4e08-82b0-d6c127659f15', 'https://images.unsplash.com/photo-1602810318383-e386cc2a3ccf?w=800', true, 1),
('bd20e43e-ed4b-4e08-82b0-d6c127659f15', 'https://images.unsplash.com/photo-1596755094514-f87e34085b2c?w=800', false, 2),
('bd20e43e-ed4b-4e08-82b0-d6c127659f15', 'https://images.unsplash.com/photo-1598033129183-c4f50c736f10?w=800', false, 3),
('31f90d80-204b-4aa6-a065-bfcaaf447047', 'https://images.unsplash.com/photo-1602810318383-e386cc2a3ccf?w=800', true, 1),
('31f90d80-204b-4aa6-a065-bfcaaf447047', 'https://images.unsplash.com/photo-1596755094514-f87e34085b2c?w=800', false, 2),
('31f90d80-204b-4aa6-a065-bfcaaf447047', 'https://images.unsplash.com/photo-1598033129183-c4f50c736f10?w=800', false, 3),
('b9a91d11-b49f-4dcb-aa38-c4e1d1e3146d', 'https://images.unsplash.com/photo-1602810318383-e386cc2a3ccf?w=800', true, 1),
('b9a91d11-b49f-4dcb-aa38-c4e1d1e3146d', 'https://images.unsplash.com/photo-1596755094514-f87e34085b2c?w=800', false, 2),
('b9a91d11-b49f-4dcb-aa38-c4e1d1e3146d', 'https://images.unsplash.com/photo-1598033129183-c4f50c736f10?w=800', false, 3),
('3fa289ad-b867-4d90-84d4-14160bcf7c17', 'https://images.unsplash.com/photo-1602810318383-e386cc2a3ccf?w=800', true, 1),
('3fa289ad-b867-4d90-84d4-14160bcf7c17', 'https://images.unsplash.com/photo-1596755094514-f87e34085b2c?w=800', false, 2),
('3fa289ad-b867-4d90-84d4-14160bcf7c17', 'https://images.unsplash.com/photo-1598033129183-c4f50c736f10?w=800', false, 3),
('82490203-630c-4a9b-aec1-b6f33ec9635b', 'https://images.unsplash.com/photo-1602810318383-e386cc2a3ccf?w=800', true, 1),
('82490203-630c-4a9b-aec1-b6f33ec9635b', 'https://images.unsplash.com/photo-1596755094514-f87e34085b2c?w=800', false, 2),
('82490203-630c-4a9b-aec1-b6f33ec9635b', 'https://images.unsplash.com/photo-1598033129183-c4f50c736f10?w=800', false, 3),
('9fc7350d-dc36-4677-be6f-e8439b988fff', 'https://images.unsplash.com/photo-1602810318383-e386cc2a3ccf?w=800', true, 1),
('9fc7350d-dc36-4677-be6f-e8439b988fff', 'https://images.unsplash.com/photo-1596755094514-f87e34085b2c?w=800', false, 2),
('9fc7350d-dc36-4677-be6f-e8439b988fff', 'https://images.unsplash.com/photo-1598033129183-c4f50c736f10?w=800', false, 3),
('dddbe2a0-0226-4be0-a9bd-c164ed242c5d', 'https://images.unsplash.com/photo-1602810318383-e386cc2a3ccf?w=800', true, 1),
('dddbe2a0-0226-4be0-a9bd-c164ed242c5d', 'https://images.unsplash.com/photo-1596755094514-f87e34085b2c?w=800', false, 2),
('dddbe2a0-0226-4be0-a9bd-c164ed242c5d', 'https://images.unsplash.com/photo-1598033129183-c4f50c736f10?w=800', false, 3),
('ccf6407b-8d6d-4463-a922-ecdaf625abc7', 'https://images.unsplash.com/photo-1602810318383-e386cc2a3ccf?w=800', true, 1),
('ccf6407b-8d6d-4463-a922-ecdaf625abc7', 'https://images.unsplash.com/photo-1596755094514-f87e34085b2c?w=800', false, 2),
('ccf6407b-8d6d-4463-a922-ecdaf625abc7', 'https://images.unsplash.com/photo-1598033129183-c4f50c736f10?w=800', false, 3),
('192d47c5-cb0e-4692-a2d8-57ea072b2a1d', 'https://images.unsplash.com/photo-1541099649105-f69ad21f3246?w=800', true, 1),
('192d47c5-cb0e-4692-a2d8-57ea072b2a1d', 'https://images.unsplash.com/photo-1604176354204-9268737828e4?w=800', false, 2),
('192d47c5-cb0e-4692-a2d8-57ea072b2a1d', 'https://images.unsplash.com/photo-1582552938357-32b906df40cd?w=800', false, 3),
('915ec4af-7105-40b0-8c8b-bc11218f0dfb', 'https://images.unsplash.com/photo-1600185365483-26d7a4cc7519?w=800', true, 1),
('915ec4af-7105-40b0-8c8b-bc11218f0dfb', 'https://images.unsplash.com/photo-1608231387042-66d1773070a5?w=800', false, 2),
('915ec4af-7105-40b0-8c8b-bc11218f0dfb', 'https://images.unsplash.com/photo-1549298916-b41d501d3772?w=800', false, 3),
('c68dca78-9048-452d-9b70-bf500272fd41', 'https://images.unsplash.com/photo-1600185365483-26d7a4cc7519?w=800', true, 1),
('c68dca78-9048-452d-9b70-bf500272fd41', 'https://images.unsplash.com/photo-1608231387042-66d1773070a5?w=800', false, 2),
('c68dca78-9048-452d-9b70-bf500272fd41', 'https://images.unsplash.com/photo-1549298916-b41d501d3772?w=800', false, 3),
('643ff661-6963-4396-bba3-673fb8ecadb0', 'https://images.unsplash.com/photo-1600185365483-26d7a4cc7519?w=800', true, 1),
('643ff661-6963-4396-bba3-673fb8ecadb0', 'https://images.unsplash.com/photo-1608231387042-66d1773070a5?w=800', false, 2),
('643ff661-6963-4396-bba3-673fb8ecadb0', 'https://images.unsplash.com/photo-1549298916-b41d501d3772?w=800', false, 3),
('47addff2-4d99-4935-b1d4-6fee9e879d1f', 'https://images.unsplash.com/photo-1600185365483-26d7a4cc7519?w=800', true, 1),
('47addff2-4d99-4935-b1d4-6fee9e879d1f', 'https://images.unsplash.com/photo-1608231387042-66d1773070a5?w=800', false, 2),
('47addff2-4d99-4935-b1d4-6fee9e879d1f', 'https://images.unsplash.com/photo-1549298916-b41d501d3772?w=800', false, 3),
('7041f213-2c7d-43d6-baf3-926b51619756', 'https://images.unsplash.com/photo-1600185365483-26d7a4cc7519?w=800', true, 1),
('7041f213-2c7d-43d6-baf3-926b51619756', 'https://images.unsplash.com/photo-1608231387042-66d1773070a5?w=800', false, 2),
('7041f213-2c7d-43d6-baf3-926b51619756', 'https://images.unsplash.com/photo-1549298916-b41d501d3772?w=800', false, 3),
('3a139b37-07ed-4d82-91fa-60b60e7e2dfa', 'https://images.unsplash.com/photo-1600185365483-26d7a4cc7519?w=800', true, 1),
('3a139b37-07ed-4d82-91fa-60b60e7e2dfa', 'https://images.unsplash.com/photo-1608231387042-66d1773070a5?w=800', false, 2),
('3a139b37-07ed-4d82-91fa-60b60e7e2dfa', 'https://images.unsplash.com/photo-1549298916-b41d501d3772?w=800', false, 3),
('45b247ee-b30b-43ee-81e3-0e25d54e469b', 'https://images.unsplash.com/photo-1600185365483-26d7a4cc7519?w=800', true, 1),
('45b247ee-b30b-43ee-81e3-0e25d54e469b', 'https://images.unsplash.com/photo-1608231387042-66d1773070a5?w=800', false, 2),
('45b247ee-b30b-43ee-81e3-0e25d54e469b', 'https://images.unsplash.com/photo-1549298916-b41d501d3772?w=800', false, 3),
('ec763341-122e-43b1-9531-6b74e0f046e1', 'https://images.unsplash.com/photo-1600185365483-26d7a4cc7519?w=800', true, 1),
('ec763341-122e-43b1-9531-6b74e0f046e1', 'https://images.unsplash.com/photo-1608231387042-66d1773070a5?w=800', false, 2),
('ec763341-122e-43b1-9531-6b74e0f046e1', 'https://images.unsplash.com/photo-1549298916-b41d501d3772?w=800', false, 3),
('d1772944-eb8b-46a0-ab8a-1947be933a53', 'https://images.unsplash.com/photo-1600185365483-26d7a4cc7519?w=800', true, 1),
('d1772944-eb8b-46a0-ab8a-1947be933a53', 'https://images.unsplash.com/photo-1608231387042-66d1773070a5?w=800', false, 2),
('d1772944-eb8b-46a0-ab8a-1947be933a53', 'https://images.unsplash.com/photo-1549298916-b41d501d3772?w=800', false, 3),
('efa608c9-d77f-474b-989c-8a6b7f8f2f47', 'https://images.unsplash.com/photo-1543163521-1bf539c55dd2?w=800', true, 1),
('efa608c9-d77f-474b-989c-8a6b7f8f2f47', 'https://images.unsplash.com/photo-1560343090-f0409e92791a?w=800', false, 2),
('efa608c9-d77f-474b-989c-8a6b7f8f2f47', 'https://images.unsplash.com/photo-1603561591411-07134e71a2a9?w=800', false, 3),
('6c14b92f-6052-43a7-9e6d-927443e16865', 'https://images.unsplash.com/photo-1608256246200-53e635b5b65f?w=800', true, 1),
('6c14b92f-6052-43a7-9e6d-927443e16865', 'https://images.unsplash.com/photo-1551028719-00167b16eac5?w=800', false, 2),
('6c14b92f-6052-43a7-9e6d-927443e16865', 'https://images.unsplash.com/photo-1520639888713-7851133b1ed0?w=800', false, 3),
('eb638ed7-6a23-4e6d-ac8f-7360991c4ee6', 'https://images.unsplash.com/photo-1584917865442-de89df76afd3?w=800', true, 1),
('eb638ed7-6a23-4e6d-ac8f-7360991c4ee6', 'https://images.unsplash.com/photo-1590874103328-eac38a683ce7?w=800', false, 2),
('eb638ed7-6a23-4e6d-ac8f-7360991c4ee6', 'https://images.unsplash.com/photo-1544816155-12df9643f363?w=800', false, 3);

-- 5. BIẾN THỂ SẢN PHẨM
INSERT INTO public.product_variants (product_id, sku, attributes, price, stock_quantity) VALUES
('ff1c7006-e2d4-45a2-89ca-82be640e6a84', 'SKU-001-1', '{"size": "S", "color": "Trắng"}'::jsonb, 1150000.0, 50),
('ff1c7006-e2d4-45a2-89ca-82be640e6a84', 'SKU-001-2', '{"size": "M", "color": "Đen"}'::jsonb, 1150000.0, 30),
('ff1c7006-e2d4-45a2-89ca-82be640e6a84', 'SKU-001-3', '{"size": "L", "color": "Xanh Navy"}'::jsonb, 1150000.0, 40),
('33ed2ab4-1c78-4f84-ad9c-584332972637', 'SKU-002-1', '{"size": "S", "color": "Trắng"}'::jsonb, 975000.0, 50),
('33ed2ab4-1c78-4f84-ad9c-584332972637', 'SKU-002-2', '{"size": "M", "color": "Đen"}'::jsonb, 975000.0, 30),
('33ed2ab4-1c78-4f84-ad9c-584332972637', 'SKU-002-3', '{"size": "L", "color": "Xanh Navy"}'::jsonb, 975000.0, 40),
('be7f4e0b-9d7b-4b21-a485-47dd0c65b422', 'SKU-003-1', '{"size": "S", "color": "Trắng"}'::jsonb, 1825000.0, 50),
('be7f4e0b-9d7b-4b21-a485-47dd0c65b422', 'SKU-003-2', '{"size": "M", "color": "Đen"}'::jsonb, 1825000.0, 30),
('be7f4e0b-9d7b-4b21-a485-47dd0c65b422', 'SKU-003-3', '{"size": "L", "color": "Xanh Navy"}'::jsonb, 1825000.0, 40),
('7012fcfb-b7a8-4de0-b2d1-b1f2d3d48715', 'SKU-004-1', '{"size": "S", "color": "Trắng"}'::jsonb, 875000.0, 50),
('7012fcfb-b7a8-4de0-b2d1-b1f2d3d48715', 'SKU-004-2', '{"size": "M", "color": "Đen"}'::jsonb, 875000.0, 30),
('7012fcfb-b7a8-4de0-b2d1-b1f2d3d48715', 'SKU-004-3', '{"size": "L", "color": "Xanh Navy"}'::jsonb, 875000.0, 40),
('7684ce70-4159-460b-8ca0-5a437fc25717', 'SKU-005-1', '{"size": "S", "color": "Trắng"}'::jsonb, 625000.0, 50),
('7684ce70-4159-460b-8ca0-5a437fc25717', 'SKU-005-2', '{"size": "M", "color": "Đen"}'::jsonb, 625000.0, 30),
('7684ce70-4159-460b-8ca0-5a437fc25717', 'SKU-005-3', '{"size": "L", "color": "Xanh Navy"}'::jsonb, 625000.0, 40),
('a2b13a62-eacc-47aa-af79-5f4b4d36d1ff', 'SKU-006-1', '{"size": "S", "color": "Trắng"}'::jsonb, 875000.0, 50),
('a2b13a62-eacc-47aa-af79-5f4b4d36d1ff', 'SKU-006-2', '{"size": "M", "color": "Đen"}'::jsonb, 875000.0, 30),
('a2b13a62-eacc-47aa-af79-5f4b4d36d1ff', 'SKU-006-3', '{"size": "L", "color": "Xanh Navy"}'::jsonb, 875000.0, 40),
('bd20e43e-ed4b-4e08-82b0-d6c127659f15', 'SKU-007-1', '{"size": "S", "color": "Trắng"}'::jsonb, 1450000.0, 50),
('bd20e43e-ed4b-4e08-82b0-d6c127659f15', 'SKU-007-2', '{"size": "M", "color": "Đen"}'::jsonb, 1450000.0, 30),
('bd20e43e-ed4b-4e08-82b0-d6c127659f15', 'SKU-007-3', '{"size": "L", "color": "Xanh Navy"}'::jsonb, 1450000.0, 40),
('31f90d80-204b-4aa6-a065-bfcaaf447047', 'SKU-008-1', '{"size": "S", "color": "Trắng"}'::jsonb, 2100000.0, 50),
('31f90d80-204b-4aa6-a065-bfcaaf447047', 'SKU-008-2', '{"size": "M", "color": "Đen"}'::jsonb, 2100000.0, 30),
('31f90d80-204b-4aa6-a065-bfcaaf447047', 'SKU-008-3', '{"size": "L", "color": "Xanh Navy"}'::jsonb, 2100000.0, 40),
('b9a91d11-b49f-4dcb-aa38-c4e1d1e3146d', 'SKU-009-1', '{"size": "S", "color": "Trắng"}'::jsonb, 1075000.0, 50),
('b9a91d11-b49f-4dcb-aa38-c4e1d1e3146d', 'SKU-009-2', '{"size": "M", "color": "Đen"}'::jsonb, 1075000.0, 30),
('b9a91d11-b49f-4dcb-aa38-c4e1d1e3146d', 'SKU-009-3', '{"size": "L", "color": "Xanh Navy"}'::jsonb, 1075000.0, 40),
('3fa289ad-b867-4d90-84d4-14160bcf7c17', 'SKU-010-1', '{"size": "S", "color": "Trắng"}'::jsonb, 5000000.0, 50),
('3fa289ad-b867-4d90-84d4-14160bcf7c17', 'SKU-010-2', '{"size": "M", "color": "Đen"}'::jsonb, 5000000.0, 30),
('3fa289ad-b867-4d90-84d4-14160bcf7c17', 'SKU-010-3', '{"size": "L", "color": "Xanh Navy"}'::jsonb, 5000000.0, 40),
('82490203-630c-4a9b-aec1-b6f33ec9635b', 'SKU-011-1', '{"size": "S", "color": "Trắng"}'::jsonb, 250000.0, 50),
('82490203-630c-4a9b-aec1-b6f33ec9635b', 'SKU-011-2', '{"size": "M", "color": "Đen"}'::jsonb, 250000.0, 30),
('82490203-630c-4a9b-aec1-b6f33ec9635b', 'SKU-011-3', '{"size": "L", "color": "Xanh Navy"}'::jsonb, 250000.0, 40),
('9fc7350d-dc36-4677-be6f-e8439b988fff', 'SKU-012-1', '{"size": "S", "color": "Trắng"}'::jsonb, 12500000.0, 50),
('9fc7350d-dc36-4677-be6f-e8439b988fff', 'SKU-012-2', '{"size": "M", "color": "Đen"}'::jsonb, 12500000.0, 30),
('9fc7350d-dc36-4677-be6f-e8439b988fff', 'SKU-012-3', '{"size": "L", "color": "Xanh Navy"}'::jsonb, 12500000.0, 40),
('dddbe2a0-0226-4be0-a9bd-c164ed242c5d', 'SKU-013-1', '{"size": "S", "color": "Trắng"}'::jsonb, 12500000.0, 50),
('dddbe2a0-0226-4be0-a9bd-c164ed242c5d', 'SKU-013-2', '{"size": "M", "color": "Đen"}'::jsonb, 12500000.0, 30),
('dddbe2a0-0226-4be0-a9bd-c164ed242c5d', 'SKU-013-3', '{"size": "L", "color": "Xanh Navy"}'::jsonb, 12500000.0, 40),
('ccf6407b-8d6d-4463-a922-ecdaf625abc7', 'SKU-014-1', '{"size": "S", "color": "Trắng"}'::jsonb, 12500000.0, 50),
('ccf6407b-8d6d-4463-a922-ecdaf625abc7', 'SKU-014-2', '{"size": "M", "color": "Đen"}'::jsonb, 12500000.0, 30),
('ccf6407b-8d6d-4463-a922-ecdaf625abc7', 'SKU-014-3', '{"size": "L", "color": "Xanh Navy"}'::jsonb, 12500000.0, 40),
('192d47c5-cb0e-4692-a2d8-57ea072b2a1d', 'SKU-015-1', '{"size": "30", "color": "Xanh Indigo"}'::jsonb, 27500000.0, 50),
('192d47c5-cb0e-4692-a2d8-57ea072b2a1d', 'SKU-015-2', '{"size": "31", "color": "Đen Xám"}'::jsonb, 27500000.0, 30),
('192d47c5-cb0e-4692-a2d8-57ea072b2a1d', 'SKU-015-3', '{"size": "32", "color": "Xanh Nhạt"}'::jsonb, 27500000.0, 40),
('915ec4af-7105-40b0-8c8b-bc11218f0dfb', 'SKU-016-1', '{"size": "39", "color": "Trắng"}'::jsonb, 975000.0, 50),
('915ec4af-7105-40b0-8c8b-bc11218f0dfb', 'SKU-016-2', '{"size": "40", "color": "Đen"}'::jsonb, 975000.0, 30),
('915ec4af-7105-40b0-8c8b-bc11218f0dfb', 'SKU-016-3', '{"size": "41", "color": "Nâu Da Bò"}'::jsonb, 975000.0, 40),
('c68dca78-9048-452d-9b70-bf500272fd41', 'SKU-017-1', '{"size": "39", "color": "Trắng"}'::jsonb, 975000.0, 50),
('c68dca78-9048-452d-9b70-bf500272fd41', 'SKU-017-2', '{"size": "40", "color": "Đen"}'::jsonb, 975000.0, 30),
('c68dca78-9048-452d-9b70-bf500272fd41', 'SKU-017-3', '{"size": "41", "color": "Nâu Da Bò"}'::jsonb, 975000.0, 40),
('643ff661-6963-4396-bba3-673fb8ecadb0', 'SKU-018-1', '{"size": "39", "color": "Trắng"}'::jsonb, 675000.0, 50),
('643ff661-6963-4396-bba3-673fb8ecadb0', 'SKU-018-2', '{"size": "40", "color": "Đen"}'::jsonb, 675000.0, 30),
('643ff661-6963-4396-bba3-673fb8ecadb0', 'SKU-018-3', '{"size": "41", "color": "Nâu Da Bò"}'::jsonb, 675000.0, 40),
('47addff2-4d99-4935-b1d4-6fee9e879d1f', 'SKU-019-1', '{"size": "39", "color": "Trắng"}'::jsonb, 1700000.0, 50),
('47addff2-4d99-4935-b1d4-6fee9e879d1f', 'SKU-019-2', '{"size": "40", "color": "Đen"}'::jsonb, 1700000.0, 30),
('47addff2-4d99-4935-b1d4-6fee9e879d1f', 'SKU-019-3', '{"size": "41", "color": "Nâu Da Bò"}'::jsonb, 1700000.0, 40),
('7041f213-2c7d-43d6-baf3-926b51619756', 'SKU-020-1', '{"size": "39", "color": "Trắng"}'::jsonb, 1325000.0, 50),
('7041f213-2c7d-43d6-baf3-926b51619756', 'SKU-020-2', '{"size": "40", "color": "Đen"}'::jsonb, 1325000.0, 30),
('7041f213-2c7d-43d6-baf3-926b51619756', 'SKU-020-3', '{"size": "41", "color": "Nâu Da Bò"}'::jsonb, 1325000.0, 40),
('3a139b37-07ed-4d82-91fa-60b60e7e2dfa', 'SKU-021-1', '{"size": "39", "color": "Trắng"}'::jsonb, 425000.0, 50),
('3a139b37-07ed-4d82-91fa-60b60e7e2dfa', 'SKU-021-2', '{"size": "40", "color": "Đen"}'::jsonb, 425000.0, 30),
('3a139b37-07ed-4d82-91fa-60b60e7e2dfa', 'SKU-021-3', '{"size": "41", "color": "Nâu Da Bò"}'::jsonb, 425000.0, 40),
('45b247ee-b30b-43ee-81e3-0e25d54e469b', 'SKU-022-1', '{"size": "39", "color": "Trắng"}'::jsonb, 975000.0, 50),
('45b247ee-b30b-43ee-81e3-0e25d54e469b', 'SKU-022-2', '{"size": "40", "color": "Đen"}'::jsonb, 975000.0, 30),
('45b247ee-b30b-43ee-81e3-0e25d54e469b', 'SKU-022-3', '{"size": "41", "color": "Nâu Da Bò"}'::jsonb, 975000.0, 40),
('ec763341-122e-43b1-9531-6b74e0f046e1', 'SKU-023-1', '{"size": "39", "color": "Trắng"}'::jsonb, 1500000.0, 50),
('ec763341-122e-43b1-9531-6b74e0f046e1', 'SKU-023-2', '{"size": "40", "color": "Đen"}'::jsonb, 1500000.0, 30),
('ec763341-122e-43b1-9531-6b74e0f046e1', 'SKU-023-3', '{"size": "41", "color": "Nâu Da Bò"}'::jsonb, 1500000.0, 40),
('d1772944-eb8b-46a0-ab8a-1947be933a53', 'SKU-024-1', '{"size": "39", "color": "Trắng"}'::jsonb, 1000000.0, 50),
('d1772944-eb8b-46a0-ab8a-1947be933a53', 'SKU-024-2', '{"size": "40", "color": "Đen"}'::jsonb, 1000000.0, 30),
('d1772944-eb8b-46a0-ab8a-1947be933a53', 'SKU-024-3', '{"size": "41", "color": "Nâu Da Bò"}'::jsonb, 1000000.0, 40),
('efa608c9-d77f-474b-989c-8a6b7f8f2f47', 'SKU-025-1', '{"size": "37", "color": "Trắng"}'::jsonb, 825000.0, 50),
('efa608c9-d77f-474b-989c-8a6b7f8f2f47', 'SKU-025-2', '{"size": "38", "color": "Đen"}'::jsonb, 825000.0, 30),
('efa608c9-d77f-474b-989c-8a6b7f8f2f47', 'SKU-025-3', '{"size": "39", "color": "Nâu Da Bò"}'::jsonb, 825000.0, 40),
('6c14b92f-6052-43a7-9e6d-927443e16865', 'SKU-026-1', '{"size": "39", "color": "Trắng"}'::jsonb, 900000.0, 50),
('6c14b92f-6052-43a7-9e6d-927443e16865', 'SKU-026-2', '{"size": "40", "color": "Đen"}'::jsonb, 900000.0, 30),
('6c14b92f-6052-43a7-9e6d-927443e16865', 'SKU-026-3', '{"size": "41", "color": "Nâu Da Bò"}'::jsonb, 900000.0, 40),
('eb638ed7-6a23-4e6d-ac8f-7360991c4ee6', 'SKU-027-1', '{"size": "Free Size", "color": "Đen"}'::jsonb, 1525000.0, 50),
('eb638ed7-6a23-4e6d-ac8f-7360991c4ee6', 'SKU-027-2', '{"size": "Free Size", "color": "Nâu Cổ Điển"}'::jsonb, 1525000.0, 30),
('eb638ed7-6a23-4e6d-ac8f-7360991c4ee6', 'SKU-027-3', '{"size": "Free Size", "color": "Be Sáng"}'::jsonb, 1525000.0, 40);
